Name,Time
Alice Johnson,08:38:22
Bob Williams,07:32:39
Bob Brown,04:38:29
Charlie Jones,04:31:20
Emily Johnson,16:27:55
Bob Johnson,23:34:41
Charlie Brown,03:30:32
Charlie Jones,10:52:56
Emily Smith,07:31:13
Charlie Jones,23:40:09
Charlie Williams,17:55:55
Bob Williams,21:27:49
Bob Johnson,09:09:51
Alice Smith,15:47:44
Alice Johnson,08:17:56
Alice Smith,12:55:51
David Brown,02:33:05
Emily Williams,01:52:25
Charlie Johnson,21:06:06
Bob Johnson,21:27:26
Charlie Williams,16:35:03
Bob Brown,08:30:57
Bob Brown,20:22:41
Charlie Johnson,16:56:43
Bob Williams,00:57:08
David Smith,09:43:41
Bob Johnson,00:06:00
David Johnson,11:53:48
Bob Johnson,23:43:26
David Jones,13:18:51
Charlie Brown,12:02:28
Emily Jones,06:29:56
Emily Williams,18:12:16
Bob Jones,03:56:13
Alice Williams,07:42:52
Charlie Jones,04:11:07
Bob Williams,02:03:17
Bob Williams,19:42:34
Bob Smith,16:00:53
David Smith,04:31:42
Emily Brown,03:36:53
David Smith,18:27:31
Emily Williams,04:17:49
Alice Smith,22:31:18
David Smith,10:53:24
Bob Jones,01:21:21
Alice Williams,04:28:07
Bob Johnson,22:28:17
Charlie Brown,15:07:38
Bob Johnson,20:33:42
